vin,brand,model,vehicle_year,engine_type,vreg,vehicle_type,importer_tin,importer_business_name,importer_address,origin_country,hscode,sgd_num,sgd_date,office_cod,payment_status
JC6AASGMEYG11654,Ford Motor Company,,2002,Gasoline,ZCSU7101712                        ,Used vehicle,20400165-0001,"JOMARCHIC FORTUNES SERVICES NG LTD
LAGOS","70,ORUBO STREET, LAGOS, AGEGE,",United States,C105119,03/02/2018,01TG,PTML CUSTOMS OFFICE,PAID
JTEGD21AX60146481,Toyota,JTEGD21AX60146481,2006,Gasoline,JTEGD21AX60146481                  ,Used vehicle,18366914-0001,"JAFAR ZAHARADDEN
48, ADETOLA STR. SURULERE, LAGOS,
SURULERE, AGEGE, LAGOS","48, ADETOLA STR. SURULERE, LAGOS,",United States,C105662,03/02/2018,01TG,PTML CUSTOMS OFFICE,PAID
JTEGF21A920052032,Toyota,USED TOYOTA HIGHLANDER,2002,Diesel,USED TOYOTA HIGHLANDER             ,Used vehicle,18850810-0001,"ALUKO OLUGBENGA
12, AGBARA INDUSTRIAL ESTATE,,
AGBARA, LAGOS MAINLAND, LAGOS","12, AGBARA INDUSTRIAL ESTATE,,",United States,C105135,03/02/2018,01TG,PTML CUSTOMS OFFICE,PAID
JTEGF21AX30120596,Toyota,HIGHLANDER,2003,Gasoline,JTEGF21AX30120596                  ,Used vehicle,18062876-0001,"C.EJISON ENTERPRISES
BLOCK 24 NO 4 OJO ALABA
INTERNATIONAL MARKET, OJO, OJO,
LAGOS",BLOCK 24 NO 4 OJO ALABA,United States,C105184,03/02/2018,01TG,PTML CUSTOMS OFFICE,PAID
JTEGH20V030093164,MINI,TOYOTA RAV 4,2003,Gasoline,JTEGH20V030093164                  ,Used vehicle,19018066,"ONYEIWU C. CHUKWUDI
NO 29 ITIRE ROAD SURULERE LAGOS,
SURULERE, SURULERE, LAGOS","NO 29 ITIRE ROAD SURULERE LAGOS,",Italy,C105356,03/02/2018,01TG,PTML CUSTOMS OFFICE,PAID
JTEGH20V030109167,Toyota USA - trucks,TOYOTA RAV 4,2003,Gasoline,JTEGH20V030109167                  ,Used vehicle,15917920-0001,"LAT OGUNS (NIGERIA) ENTERPRISES
25, FOLAGBADE STREET IJEBU-ODE,
IJEBU-ODE, IJEBU ODE, OGUN","25, FOLAGBADE STREET IJEBU-ODE, ",United States,C105420,03/02/2018,01TG,PTML CUSTOMS OFFICE,PAID
JTEHBK26225003371,MINI,LEXUS IS 250,2002,Gasoline,JTEHBK26225003371                  ,Used vehicle,16838572-0001,"ONYEJEKWE SUNDAY HYACINTH
2,OLANIBI STREET, LAGOS, AGEGE,
LAGOS","2,OLANIBI STREET, LAGOS, AGEGE,",Italy,C105237,03/02/2018,01TG,PTML CUSTOMS OFFICE,PAID
JTEHD20V046015059,Toyota,TOYOTA RAV 4,2004,Gasoline,JTEHD20V046015059                  ,Used vehicle,18678230-0001,"AKINDELE FATAI
NO 7BIDOWU LANE AJEGUNLE, LAGOS,
AJEROMI-IFELODUN, LAGOS","NO 7BIDOWU LANE AJEGUNLE, LAGOS,",United States,C105168,03/02/2018,01TG,PTML CUSTOMS OFFICE,PAID
JTEHD21A220014880,Toyota,HIGHLANDER,2002,Gasoline,JTEHD21A220014880                  ,Used vehicle,18811280-0001,"MARK ODHEGBA
27, OLABISI STREET, ROJU AVENUE,,
OJOTA, LAGOS MAINLAND, LAGOS","27, OLABISI STREET, ROJU AVENUE,,",United States,C105561,03/02/2018,01TG,PTML CUSTOMS OFFICE,PAID
JTEHD21A530022294,Toyota,USED TOYOTA HIGHLANDER,2003,Gasoline,JTEHD21A530022294                  ,Used vehicle,21458152-0001,"LUKMAN LAWAL
2 OLUSEGUN STREET MAFOLUKU, OSHODI,
OSHODI-ISOLO, LAGOS","2 OLUSEGUN STREET MAFOLUKU, OSHODI,",Italy,C105530,03/02/2018,01TG,PTML CUSTOMS OFFICE,PAID
JC6AAASGME4L17082,Ford Chang An,,1999,Diesel,JC6AAASGME4L17082                  ,Used vehicle,17800853-0001,"LAW-PHASE TECHNICAL CO ENTERPRISES LTD
43BORNO WAY, EBUTE METTA, LAGOS
MAINLAND, LAGOS","BORNO WAY, EBUTE METTA, LAGOS",Hong Kong,C124,01/09/2018,01PA,KIRIKIRI LIGHTER TERMINAL CMD.,PAID
JC6AAASGME4Y17094,Toyota,,1999,Diesel,JC6AAASGME4Y17094                  ,Used vehicle,02528246-0001,"VINCO VARIETIES INVESTMENT LIMITED
NO 25LAWANSON ROAD SURULERE, LAGOS,
LAGOS MAINLAND, LAGOS","NO 25LAWANSON ROAD SURULERE, LAGOS,",Hong Kong,C123,01/09/2018,01PA,KIRIKIRI LIGHTER TERMINAL CMD.,PAID
JTEGH23B100007552,Toyota,,2003,Diesel,JTEGH23B100007552                  ,Used vehicle,16107279-0001,"GREDEMPOP GLOBAL BUSINESS
NO,PLOT 19OYADIRAN ESTATE SOBO
YABA, LAGOS, OJO, LAGOS","NO,PLOT 19OYADIRAN ESTATE SOBO",Hong Kong,C113,01/09/2018,01PA,KIRIKIRI LIGHTER TERMINAL CMD.,PAID
JTEGH23B200014199,Toyota,,2003,Diesel,JTEGH23B200014199                  ,Used vehicle,16107279-0001,"GREDEMPOP GLOBAL BUSINESS
NO,PLOT 19OYADIRAN ESTATE SOBO
YABA, LAGOS, OJO, LAGOS","NO,PLOT 19OYADIRAN ESTATE SOBO",Hong Kong,C113,01/09/2018,01PA,KIRIKIRI LIGHTER TERMINAL CMD.,PAID
MCU31-0001861,Toyota,,2003,Diesel,MCU31-0001861                      ,Used vehicle,02528246-0001,"VINCO VARIETIES INVESTMENT LIMITED
NO 25LAWANSON ROAD SURULERE, LAGOS,
LAGOS MAINLAND, LAGOS","NO 25LAWANSON ROAD SURULERE, LAGOS,",Hong Kong,C123,01/09/2018,01PA,KIRIKIRI LIGHTER TERMINAL CMD.,PAID
RZB40000901898,Toyota Tian Jin,BUS,1998,Diesel,RZB40000901898                     ,Used vehicle,19765011-0001,"LARRYZ INT'L LTD
11ENUOWA STR, IDUMOTA, LAGOS, LAGOS
ISLAND, LAGOS","11ENUOWA STR, IDUMOTA, LAGOS, LAGOS",China,C96,01/09/2018,01PA,KIRIKIRI LIGHTER TERMINAL CMD.,PAID
WDB2093651F043352,Mercedes-Benz,,2002,Diesel,WDB2093651F043352                  ,Used vehicle,16107279-0001,"GREDEMPOP GLOBAL BUSINESS
NO,PLOT 19OYADIRAN ESTATE SOBO
YABA, LAGOS, OJO, LAGOS","NO,PLOT 19OYADIRAN ESTATE SOBO",Hong Kong,C113,01/09/2018,01PA,KIRIKIRI LIGHTER TERMINAL CMD.,PAID
00000LH1621010957,Toyota,,2001,Gasoline,00000LH1621010957                  ,Used vehicle,11830479-0001,"CHIVATO INTERNATIONAL LIMITED
7, DISU ANIMASHAUN CLOSE, OFF PONLE
STREET,, EGBEDA, ALIMOSHO, LAGOS","7, DISU ANIMASHAUN CLOSE, OFF PONLE",Singapore,C132,01/10/2018,01PA,KIRIKIRI LIGHTER TERMINAL CMD.,PAID
1HGCP26458A055274,Honda USA,,2008,Gasoline,1HGCP26458A055274                  ,Used vehicle,15678086-0001,"A.N COREA NIG LTD
32DENTON STREET, EBUTE METTA, LAGOS
MAINLAND, LAGOS","DENTON STREET, EBUTE METTA, LAGOS","Korea, Republic of",C165,01/10/2018,01PA,KIRIKIRI LIGHTER TERMINAL CMD.,PAID
4T1BF28BXYU078732,Toyota,,1999,Gasoline,4T1BF28BXYU078732                  ,Used vehicle,09762284-0001,"BONKIZ (NIGERIA) LIMITED.
33/35, UGA STREET FEGGE, ONITSHA,
ONITSHA SOUTH, ANAMBRA",", UGA STREET FEGGE, ONITSHA,","Korea, Republic of",C148,01/10/2018,01PA,KIRIKIRI LIGHTER TERMINAL CMD.,PAID
J31-301359,Toyota,,2006,Diesel,J31-301359                         ,Used vehicle,11098526-0001,"OSKEN P VENTURES LTD
NO 107WESTERN AVENUE SURULERE
LAGOS, LAGOS, SURULERE, LAGOS","WESTERN AVENUE SURULERE LAGOS,",Hong Kong,C169,01/10/2018,01PA,KIRIKIRI LIGHTER TERMINAL CMD.,PAID
JHLRD78806C206452,Honda,,2006,Gasoline,JHLRD78806C206452                  ,Used vehicle,15678086-0001,"A.N COREA NIG LTD
32DENTON STREET, EBUTE METTA, LAGOS
MAINLAND, LAGOS","DENTON STREET, EBUTE METTA, LAGOS","Korea, Republic of",C165,01/10/2018,01PA,KIRIKIRI LIGHTER TERMINAL CMD.,PAID
JHMKB16507C200435,Honda,,2007,Gasoline,JHMKB16507C200435                  ,Used vehicle,15678086-0001,"A.N COREA NIG LTD
32DENTON STREET, EBUTE METTA, LAGOS
MAINLAND, LAGOS","DENTON STREET, EBUTE METTA, LAGOS","Korea, Republic of",C165,01/10/2018,01PA,KIRIKIRI LIGHTER TERMINAL CMD.,PAID
JMEFGLHHNEPA03084,Mitsubishi,,2014,Gasoline,JMEFGLHHNEPA03084                  ,Used vehicle,09762284-0001,"BONKIZ (NIGERIA) LIMITED.
33/35, UGA STREET FEGGE, ONITSHA,
ONITSHA SOUTH, ANAMBRA",", UGA STREET FEGGE, ONITSHA,","Korea, Republic of",C148,01/10/2018,01PA,KIRIKIRI LIGHTER TERMINAL CMD.,PAID
JSAFDA32V00143506,Suzuki Hungary,,2002,Gasoline,JSAFDA32V00143506                  ,Used vehicle,20400165-0001,"JOMARCHIC FORTUNES SERVICES NG LTD
1/3CREEK RD, APAPA, LAGOS, LAGOS
ISLAND, LAGOS","1/3CREEK RD, APAPA, LAGOS, LAGOS",Hong Kong,C167,01/10/2018,01PA,KIRIKIRI LIGHTER TERMINAL CMD.,PAID
JTEGH23B105006856,Toyota,,2003,Diesel,JTEGH23B105006856                  ,Used vehicle,11098526-0001,"OSKEN P VENTURES LTD
NO 107WESTERN AVENUE SURULERE
LAGOS, LAGOS, SURULERE, LAGOS","WESTERN AVENUE SURULERE LAGOS,",Hong Kong,C168,01/10/2018,01PA,KIRIKIRI LIGHTER TERMINAL CMD.,PAID
JTEGH23BX05010386,Toyota,,2003,Diesel,JTEGH23BX05010386                  ,Used vehicle,11098526-0001,"OSKEN P VENTURES LTD
NO 107WESTERN AVENUE SURULERE
LAGOS, LAGOS, SURULERE, LAGOS","WESTERN AVENUE SURULERE LAGOS,",Hong Kong,C169,01/10/2018,01PA,KIRIKIRI LIGHTER TERMINAL CMD.,PAID
JTHLGHMN52506097A,Honda,,,Gasoline,JTHLGHMN52506097A                  ,Used vehicle,09762284-0001,"BONKIZ (NIGERIA) LIMITED.
33/35, UGA STREET FEGGE, ONITSHA,
ONITSHA SOUTH, ANAMBRA",", UGA STREET FEGGE, ONITSHA,","Korea, Republic of",C148,01/10/2018,01PA,KIRIKIRI LIGHTER TERMINAL CMD.,PAID
JTJHA31U150088449,Toyota,,2005,Gasoline,JTJHA31U150088449                  ,Used vehicle,15678086-0001,"A.N COREA NIG LTD
32DENTON STREET, EBUTE METTA, LAGOS
MAINLAND, LAGOS","DENTON STREET, EBUTE METTA, LAGOS","Korea, Republic of",C165,01/10/2018,01PA,KIRIKIRI LIGHTER TERMINAL CMD.,PAID
JTLNHHMEF20065689,Van Hool (buses),,,Gasoline,JTLNHHMEF20065689                  ,Used vehicle,09762284-0001,"BONKIZ (NIGERIA) LIMITED.
33/35, UGA STREET FEGGE, ONITSHA,
ONITSHA SOUTH, ANAMBRA",", UGA STREET FEGGE, ONITSHA,","Korea, Republic of",C148,01/10/2018,01PA,KIRIKIRI LIGHTER TERMINAL CMD.,PAID
MROFX22G4D1094400,Toyota,2013,1983,Gasoline,3,Used vehicle,21690674-0001,"DESMOND CHUKWU_(MR).
389, OLD OJO ROAD ABULE ADO B/STOP
SATELLITE_TOWN., LAGOS, AGEGE,
LAGOS","389, OLD OJO ROAD ABULE ADO B/STOP",United Arab Emirates,C159,01/10/2018,01PA,KIRIKIRI LIGHTER TERMINAL CMD.,PAID
SHHMB2740WU017079,Honda UK,,2003,Gasoline,SHHMB2740WU017079                  ,Used vehicle,16353618,"NWACHUKWU UBAHAKWE
7, ADEBAYO MOKUOLU STR., ANTHONY,,
LAGOS, OJO, LAGOS","7, ADEBAYO MOKUOLU STR., ANTHONY,,",Italy,C166,01/10/2018,01PA,KIRIKIRI LIGHTER TERMINAL CMD.,PAID
TB6985FE659HA4194,Toyota,,1999,Diesel,TB6985FE659HA4194                  ,Used vehicle,11098526-0001,"OSKEN P VENTURES LTD
NO 107WESTERN AVENUE SURULERE
LAGOS, LAGOS, SURULERE, LAGOS","WESTERN AVENUE SURULERE LAGOS,",Hong Kong,C168,01/10/2018,01PA,KIRIKIRI LIGHTER TERMINAL CMD.,PAID
WV2ZZZ21ZRH003287,Volkswagen Bus/Van,,2002,Gasoline,WV2ZZZ21ZRH003287                  ,Used vehicle,16353618,"NWACHUKWU UBAHAKWE
7, ADEBAYO MOKUOLU STR., ANTHONY,,
LAGOS, OJO, LAGOS","7, ADEBAYO MOKUOLU STR., ANTHONY,,",Italy,C166,01/10/2018,01PA,KIRIKIRI LIGHTER TERMINAL CMD.,PAID
ZFA29000000377014,Fiat,,2002,Gasoline,ZFA29000000377014                  ,Used vehicle,16353618,"NWACHUKWU UBAHAKWE
7, ADEBAYO MOKUOLU STR., ANTHONY,,
LAGOS, OJO, LAGOS","7, ADEBAYO MOKUOLU STR., ANTHONY,,",Italy,C166,01/10/2018,01PA,KIRIKIRI LIGHTER TERMINAL CMD.,PAID
4JGBB86EX6A016161,Mercedes-Benz USA,MERCEDES BENZ 350,2006,Diesel,4JGBB86EX6A016161                  ,Used vehicle,11098526-0001,"OSKEN P VENTURES LTD
NO 107WESTERN AVENUE SURULERE
LAGOS, LAGOS, SURULERE, LAGOS","WESTERN AVENUE SURULERE LAGOS,",Hong Kong,C197,01/11/2018,01PA,KIRIKIRI LIGHTER TERMINAL CMD.,PAID
ACU300034934,Toyota,TOYOTA HARRIER,2005,Diesel,ACU300034934                       ,Used vehicle,11098526-0001,"OSKEN P VENTURES LTD
NO 107WESTERN AVENUE SURULERE
LAGOS, LAGOS, SURULERE, LAGOS","WESTERN AVENUE SURULERE LAGOS,",Hong Kong,C197,01/11/2018,01PA,KIRIKIRI LIGHTER TERMINAL CMD.,PAID
JTEBX9FJ7HK289422,Toyota,TOYOTA PRADO,2017,Gasoline,JTEBX9FJ7HK289422                  ,Used vehicle,20492449-0001,"DE_MEROP NG LTD
21/23SHABA OJO STR IGANDO, LAGOS,
AGEGE, LAGOS","SHABA OJO STR IGANDO, LAGOS, AGEGE,",United Arab Emirates,C187,01/11/2018,01PA,KIRIKIRI LIGHTER TERMINAL CMD.,PAID
JTEBX9FJXH5104603,Toyota,TOYOTA PRADO,2017,Gasoline,JTEBX9FJXH5104603                  ,Used vehicle,20492449-0001,"DE_MEROP NG LTD
21/23SHABA OJO STR IGANDO, LAGOS,
AGEGE, LAGOS","SHABA OJO STR IGANDO, LAGOS, AGEGE,",United Arab Emirates,C187,01/11/2018,01PA,KIRIKIRI LIGHTER TERMINAL CMD.,PAID
JTHBF30G506032637,Toyota,LEXUS ES 300,2005,Diesel,JTHBF30G506032637                  ,Used vehicle,11098526-0001,"OSKEN P VENTURES LTD
NO 107WESTERN AVENUE SURULERE
LAGOS, LAGOS, SURULERE, LAGOS","WESTERN AVENUE SURULERE LAGOS,",Hong Kong,C197,01/11/2018,01PA,KIRIKIRI LIGHTER TERMINAL CMD.,PAID
MCU100046469,Toyota,LEXUS RX 300,2003,Diesel,MCU100046469                       ,Used vehicle,11098526-0001,"OSKEN P VENTURES LTD
NO 107WESTERN AVENUE SURULERE
LAGOS, LAGOS, SURULERE, LAGOS","WESTERN AVENUE SURULERE LAGOS,",Hong Kong,C197,01/11/2018,01PA,KIRIKIRI LIGHTER TERMINAL CMD.,PAID
JM6SKY0E10012107,Mazda,2002,2002,Gasoline,JM6SKY0E10012107                   ,Used vehicle,20400165-0001,"JOMARCHIC FORTUNES SERVICES NG LTD
1/3CREEK RD, APAPA, LAGOS, LAGOS
ISLAND, LAGOS","1/3CREEK RD, APAPA, LAGOS, LAGOS",Hong Kong,C205,01/12/2018,01PA,KIRIKIRI LIGHTER TERMINAL CMD.,PAID
JHLGH48701S200158,Honda,HONDA HRV,2001,Gasoline,ZGLD380344                         ,Used vehicle,04592535-0001,"DUBEMCO INVESTMENTS LIMITED
UHEREVIEUHEREVIE PRIMARY SCHOOL I,
SAPELE, LAGOS, LAGOS MAINLAND,
LAGOS","UHEREVIEUHEREVIE PRIMARY SCHOOL I,",Hong Kong,C235,1/15/2018,01PA,KIRIKIRI LIGHTER TERMINAL CMD.,PAID
JM6SKYOE100110062,Mazda,MAZDA BUS,1999,Gasoline,X0750268                           ,Used vehicle,17807583-0001,"NYCOOL GLOBAL RESOURCES LIMITED
3, ADEKUNLE STREET, EBUTE METTA,
LAGOS, LAGOS MAINLAND, LAGOS","3, ADEKUNLE STREET, EBUTE METTA,",Hong Kong,C222,1/15/2018,01PA,KIRIKIRI LIGHTER TERMINAL CMD.,PAID
JT721UHB105001652,Toyota Motor Corporation Australia,TOYOTA HIACE,2003,Diesel,JT721UHB105001652                  ,Used vehicle,17936309-0001,"HOT DOG INTEGRATED SERVICES LTD
25,SALAKO STREET, GYF AGEGE, AGEGE,
AGEGE, LAGOS","SALAKO STREET, GYF AGEGE, AGEGE,",Australia,C237,1/15/2018,01PA,KIRIKIRI LIGHTER TERMINAL CMD.,PAID
JT731RN8509025980,Toyota Motor Corporation Australia,TOYOTA HILUX,1995,Diesel,JT731RN8509025980                  ,Used vehicle,17936309-0001,"HOT DOG INTEGRATED SERVICES LTD
25,SALAKO STREET, GYF AGEGE, AGEGE,
AGEGE, LAGOS","SALAKO STREET, GYF AGEGE, AGEGE,",Australia,C237,1/15/2018,01PA,KIRIKIRI LIGHTER TERMINAL CMD.,PAID
JTEGH23B900007301,Toyota,2003,2003,Gasoline,JTEGH23B900007301                  ,Used vehicle,20400165-0001,"JOMARCHIC FORTUNES SERVICES NG LTD
1/3CREEK RD, APAPA, LAGOS, LAGOS
ISLAND, LAGOS","1/3CREEK RD, APAPA, LAGOS, LAGOS",Hong Kong,C245,1/15/2018,01PA,KIRIKIRI LIGHTER TERMINAL CMD.,PAID
SUZUKIDA62V312638,Suzuki Hungary,1990,1990,Gasoline,A62V312638                         ,Used vehicle,14242389-0001,"AKINOSKY INTERNATIONAL LTD
20AUNITY PLAZA ALABA INT'L. MKT.
OJO, LAGOS., LAGOS, OJO, LAGOS","UNITY PLAZA ALABA INT''L. MKT. OJO,",Japan,C255,1/15/2018,01PA,KIRIKIRI LIGHTER TERMINAL CMD.,PAID
000000DA32W121374,Suzuki Argentina,1999,1999,Gasoline,000000DA32W121374                  ,Used vehicle,20671427-0001,"MR KINGSLEY CHIKEZIE CHIMOBI
FREEMAN STR EBUTE-METTA, LAGOS,
AGEGE, LAGOS","FREEMAN STR EBUTE-METTA, LAGOS,",Hong Kong,C274,1/16/2018,01PA,KIRIKIRI LIGHTER TERMINAL CMD.,PAID
00000SXA117128020,Toyota,2001,2001,Gasoline,00000SXA117128020                  ,Used vehicle,19860143-0001,"ADEGOLD INTERCONTINENTAL VEN LTD
H37ALABA INT'L MKT, OJO, LAGOS,
LAGOS ISLAND, LAGOS","H37ALABA INT'L MKT, OJO, LAGOS,",Hong Kong,C278,1/16/2018,01PA,KIRIKIRI LIGHTER TERMINAL CMD.,PAID
JTFHX02P200027247,Toyota,TRH201R-SSMDK,2000,Gasoline,JTFHX02P200027247                  ,Used vehicle,14698638-0001,"E-EMMY GOLD GLOBAL CONCEPTS LTD
1/3CREEK ROAD NNEWI BUILDING,
LAGOS, LAGOS MAINLAND, LAGOS","1/3CREEK ROAD NNEWI BUILDING, ",Hong Kong,C259,1/16/2018,01PA,KIRIKIRI LIGHTER TERMINAL CMD.,PAID
JTFHX02P700040317,Toyota,TRH201R-SSMDK,2000,Gasoline,JTFHX02P700040317                  ,Used vehicle,14698638-0001,"E-EMMY GOLD GLOBAL CONCEPTS LTD
1/3CREEK ROAD NNEWI BUILDING,
LAGOS, LAGOS MAINLAND, LAGOS","1/3CREEK ROAD NNEWI BUILDING, ",Hong Kong,C259,1/16/2018,01PA,KIRIKIRI LIGHTER TERMINAL CMD.,PAID
JTJHF31U700033773,Toyota,2004,2004,Gasoline,JTJHF31U700033773                  ,Used vehicle,19860143-0001,"ADEGOLD INTERCONTINENTAL VEN LTD
H37ALABA INT'L MKT, OJO, LAGOS,
LAGOS ISLAND, LAGOS","H37ALABA INT'L MKT, OJO, LAGOS,",Hong Kong,C278,1/16/2018,01PA,KIRIKIRI LIGHTER TERMINAL CMD.,PAID
WDC1631541A233015,Mercedes-Benz,2001,2001,Gasoline,WDC1631541A233015                  ,Used vehicle,19860143-0001,"ADEGOLD INTERCONTINENTAL VEN LTD
H37ALABA INT'L MKT, OJO, LAGOS,
LAGOS ISLAND, LAGOS","H37ALABA INT'L MKT, OJO, LAGOS,",Hong Kong,C278,1/16/2018,01PA,KIRIKIRI LIGHTER TERMINAL CMD.,PAID
YY50-0003275,Toyota,M-YY50-KDLMTJ,2000,Gasoline,YY50-0003275                       ,Used vehicle,14698638-0001,"E-EMMY GOLD GLOBAL CONCEPTS LTD
1/3CREEK ROAD NNEWI BUILDING,
LAGOS, LAGOS MAINLAND, LAGOS","1/3CREEK ROAD NNEWI BUILDING, ",Hong Kong,C259,1/16/2018,01PA,KIRIKIRI LIGHTER TERMINAL CMD.,PAID
KMHJN81BR5U156442,Hyundai,2004,2004,Gasoline,KMHJN81BR5U156442                  ,Used vehicle,20400165-0001,"JOMARCHIC FORTUNES SERVICES NG LTD
1/3CREEK RD, APAPA, LAGOS, LAGOS
ISLAND, LAGOS","1/3CREEK RD, APAPA, LAGOS, LAGOS",Hong Kong,C294,1/17/2018,01PA,KIRIKIRI LIGHTER TERMINAL CMD.,PAID
00000MCU310003922,Toyota,2003,2003,Gasoline,00000MCU310003922                  ,Used vehicle,15130557-0001,"BELENO ATTITUDE NIGERIA LIMITED
C109MAIN LINE A.T.D.A MARKET,
NKPOR, IDEMILI NORTH, ANAMBRA","C109MAIN LINE A.T.D.A MARKET, ",Japan,C344,1/18/2018,01PA,KIRIKIRI LIGHTER TERMINAL CMD.,PAID
JHMCM56706C200173,Honda,HONDA ACCORD,2005,Diesel,JHMCM56706C200173                  ,Used vehicle,19797633-0001,"GLORY STAR DIGITAL LIMITED
BLOCK 15SHOP 10, AGRIC
MARKET,BADAGRY E/WAY, COKER, LAGOS,
SURULERE, LAGOS","SHOP 10, AGRIC MARKET,BADAGRY","Korea, Republic of",C330,1/18/2018,01PA,KIRIKIRI LIGHTER TERMINAL CMD.,PAID
JHMCM56706C200485,Honda,HONDA ACCORD,2006,Diesel,JHMCM56706C200485                  ,Used vehicle,19797633-0001,"GLORY STAR DIGITAL LIMITED
BLOCK 15SHOP 10, AGRIC
MARKET,BADAGRY E/WAY, COKER, LAGOS,
SURULERE, LAGOS","SHOP 10, AGRIC MARKET,BADAGRY","Korea, Republic of",C330,1/18/2018,01PA,KIRIKIRI LIGHTER TERMINAL CMD.,PAID
JHMCP2680AC201678,Honda,HONDA ACCORD,2010,Diesel,JHMCP2680AC201678                  ,Used vehicle,19797633-0001,"GLORY STAR DIGITAL LIMITED
BLOCK 15SHOP 10, AGRIC
MARKET,BADAGRY E/WAY, COKER, LAGOS,
SURULERE, LAGOS","SHOP 10, AGRIC MARKET,BADAGRY","Korea, Republic of",C330,1/18/2018,01PA,KIRIKIRI LIGHTER TERMINAL CMD.,PAID
JTDBT22E803085074,Toyota,2003,2003,Gasoline,JTDBT22E803085074                  ,Used vehicle,15130557-0001,"BELENO ATTITUDE NIGERIA LIMITED
C109MAIN LINE A.T.D.A MARKET,
NKPOR, IDEMILI NORTH, ANAMBRA","C109MAIN LINE A.T.D.A MARKET, ",Japan,C344,1/18/2018,01PA,KIRIKIRI LIGHTER TERMINAL CMD.,PAID
JTHBF30G200074685,Toyota,2T,2003,Gasoline,JTHBF30G200074685                  ,Used vehicle,17967830-0001,"JOHNBOSCOLEE ENTERPRISES VENTURES
20A, HONDA LINE UGWUAGBA,, OBOSI,
IDEMILI NORTH, ANAMBRA","20A, HONDA LINE UGWUAGBA,, OBOSI,",Hong Kong,C345,1/18/2018,01PA,KIRIKIRI LIGHTER TERMINAL CMD.,PAID
JTHBF30G506039023,Toyota,2T,2005,Gasoline,JTHBF30G506039023                  ,Used vehicle,17967830-0001,"JOHNBOSCOLEE ENTERPRISES VENTURES
20A, HONDA LINE UGWUAGBA,, OBOSI,
IDEMILI NORTH, ANAMBRA","20A, HONDA LINE UGWUAGBA,, OBOSI,",Hong Kong,C345,1/18/2018,01PA,KIRIKIRI LIGHTER TERMINAL CMD.,PAID
JTJHF10U300218960,Toyota,2T,2003,Gasoline,JTJHF10U300218960                  ,Used vehicle,17967830-0001,"JOHNBOSCOLEE ENTERPRISES VENTURES
20A, HONDA LINE UGWUAGBA,, OBOSI,
IDEMILI NORTH, ANAMBRA","20A, HONDA LINE UGWUAGBA,, OBOSI,",Hong Kong,C345,1/18/2018,01PA,KIRIKIRI LIGHTER TERMINAL CMD.,PAID
JTJHFMCU100043665,Toyota,2T,2003,Gasoline,JTJHFMCU100043665                  ,Used vehicle,17967830-0001,"JOHNBOSCOLEE ENTERPRISES VENTURES
20A, HONDA LINE UGWUAGBA,, OBOSI,
IDEMILI NORTH, ANAMBRA","20A, HONDA LINE UGWUAGBA,, OBOSI,",Hong Kong,C345,1/18/2018,01PA,KIRIKIRI LIGHTER TERMINAL CMD.,PAID
KMHAH51FPYU125472,Hyundai,VISTO,2000,Diesel,KMHAH51FPYU125472                  ,Used vehicle,18197811-0001,"PERFECT PROFIT BUSINESS CONCERNS NIGERIA LTD.
22GBO PLAZA ALABA INTERNATIONAL
MARKET, OJO, OJO, LAGOS",22GBO PLAZA ALABA INTERNATIONAL,"Korea, Republic of",C326,1/18/2018,01PA,KIRIKIRI LIGHTER TERMINAL CMD.,PAID
2T1BR32E05C908633,Toyota Canada,4T,2005,Gasoline,2T1BR32E05C908633                  ,Used vehicle,14911815-0001,"DE BLESSED MESSCANA NIG LTD
JUDE ONYEKWERE STREET AWADA, OBOSI,
IDEMILI NORTH, ANAMBRA","JUDE ONYEKWERE STREET AWADA, ",Hong Kong,C357,1/19/2018,01PA,KIRIKIRI LIGHTER TERMINAL CMD.,PAID
JHLRD1850XC242637,Honda,4T,1999,Gasoline,JHLRD1850XC242637                  ,Used vehicle,20050735-0001,"IRON AUTO VENT LTD
10BORNO WAY EBUTE METTA, LAGOS,
LAGOS ISLAND, LAGOS","10BORNO WAY EBUTE METTA, LAGOS,",Hong Kong,C350,1/19/2018,01PA,KIRIKIRI LIGHTER TERMINAL CMD.,PAID
JT721LHH206117568,Toyota,2T,1998,Gasoline,JT721LHH206117568                  ,Used vehicle,14942909-0001,"OBI-STEVE INTERNATIONAL LIMITED
15EDUPUTA LINE OLD MOTOR SPARE
PARTS MARKET UGWUAGBA, OBOSI,
IDEMILI NORTH, ANAMBRA",EDUPUTA LINE OLD MOTOR SPARE ,Hong Kong,C353,1/19/2018,01PA,KIRIKIRI LIGHTER TERMINAL CMD.,PAID
JT721LHH700035549,Toyota,2T,2003,Gasoline,JT721LHH700035549                  ,Used vehicle,14911815-0001,"DE BLESSED MESSCANA NIG LTD
JUDE ONYEKWERE STREET AWADA, OBOSI,
IDEMILI NORTH, ANAMBRA","JUDE ONYEKWERE STREET AWADA, ",Hong Kong,C357,1/19/2018,01PA,KIRIKIRI LIGHTER TERMINAL CMD.,PAID
JTEGH23B900023952,Toyota,2T,2003,Gasoline,JTEGH23B900023952                  ,Used vehicle,14942909-0001,"OBI-STEVE INTERNATIONAL LIMITED
15EDUPUTA LINE OLD MOTOR SPARE
PARTS MARKET UGWUAGBA, OBOSI,
IDEMILI NORTH, ANAMBRA",EDUPUTA LINE OLD MOTOR SPARE ,Hong Kong,C353,1/19/2018,01PA,KIRIKIRI LIGHTER TERMINAL CMD.,PAID
JTHBF30G106029556,Toyota,2T,2003,Gasoline,JTHBF30G106029556                  ,Used vehicle,14911815-0001,"DE BLESSED MESSCANA NIG LTD
JUDE ONYEKWERE STREET AWADA, OBOSI,
IDEMILI NORTH, ANAMBRA","JUDE ONYEKWERE STREET AWADA, ",Hong Kong,C357,1/19/2018,01PA,KIRIKIRI LIGHTER TERMINAL CMD.,PAID
JTHBF30G906032673,Toyota,2T,2003,Gasoline,JTHBF30G906032673                  ,Used vehicle,14911815-0001,"DE BLESSED MESSCANA NIG LTD
JUDE ONYEKWERE STREET AWADA, OBOSI,
IDEMILI NORTH, ANAMBRA","JUDE ONYEKWERE STREET AWADA, ",Hong Kong,C357,1/19/2018,01PA,KIRIKIRI LIGHTER TERMINAL CMD.,PAID
JTNBE40K803050254,Toyota,2T,2003,Gasoline,JTNBE40K803050254                  ,Used vehicle,14942909-0001,"OBI-STEVE INTERNATIONAL LIMITED
15EDUPUTA LINE OLD MOTOR SPARE
PARTS MARKET UGWUAGBA, OBOSI,
IDEMILI NORTH, ANAMBRA",EDUPUTA LINE OLD MOTOR SPARE ,Hong Kong,C353,1/19/2018,01PA,KIRIKIRI LIGHTER TERMINAL CMD.,PAID
KNMA4C2BM7P270381,Toyota,2T,2007,Gasoline,KNMA4C2BM7P270381                  ,Used vehicle,15265963-0001,"CONQURED INVESTMENTS NIG LTD
30,COMMERCIAL ROAD, SUIT 7, LAGOS,
APAPA, APAPA, LAGOS","30,COMMERCIAL ROAD, SUIT 7, LAGOS,",Hong Kong,C367,1/19/2018,01PA,KIRIKIRI LIGHTER TERMINAL CMD.,PAID
KPBFA2A912P030941,Renault Brazil,4T,2007,Gasoline,KPBFA2A912P030941                  ,Used vehicle,15265963-0001,"CONQURED INVESTMENTS NIG LTD
30,COMMERCIAL ROAD, SUIT 7, LAGOS,
APAPA, APAPA, LAGOS","30,COMMERCIAL ROAD, SUIT 7, LAGOS,",Hong Kong,C367,1/19/2018,01PA,KIRIKIRI LIGHTER TERMINAL CMD.,PAID
KXN5D81VP2U342767,Toyota,2T,2002,Gasoline,KXN5D81V92U342767                  ,Used vehicle,15265963-0001,"CONQURED INVESTMENTS NIG LTD
30,COMMERCIAL ROAD, SUIT 7, LAGOS,
APAPA, APAPA, LAGOS","30,COMMERCIAL ROAD, SUIT 7, LAGOS,",Hong Kong,C367,1/19/2018,01PA,KIRIKIRI LIGHTER TERMINAL CMD.,PAID
MRHCM56403P080037,Honda Thailand,4T,2003,Gasoline,MRHCM56403P080037                  ,Used vehicle,20050735-0001,"IRON AUTO VENT LTD
10BORNO WAY EBUTE METTA, LAGOS,
LAGOS ISLAND, LAGOS","10BORNO WAY EBUTE METTA, LAGOS,",Hong Kong,C350,1/19/2018,01PA,KIRIKIRI LIGHTER TERMINAL CMD.,PAID
MRHCM56405P080104,Honda Thailand,4T,2005,Gasoline,MRHCM56405P080104                  ,Used vehicle,20050735-0001,"IRON AUTO VENT LTD
10BORNO WAY EBUTE METTA, LAGOS,
LAGOS ISLAND, LAGOS","10BORNO WAY EBUTE METTA, LAGOS,",Hong Kong,C350,1/19/2018,01PA,KIRIKIRI LIGHTER TERMINAL CMD.,PAID
MRHCM56407P080008,Honda Thailand,4T,2007,Gasoline,MRHCM56407P080008                  ,Used vehicle,20050735-0001,"IRON AUTO VENT LTD
10BORNO WAY EBUTE METTA, LAGOS,
LAGOS ISLAND, LAGOS","10BORNO WAY EBUTE METTA, LAGOS,",Hong Kong,C350,1/19/2018,01PA,KIRIKIRI LIGHTER TERMINAL CMD.,PAID
1FMZU77E91UA70351,Ford Motor Company,2T,2001,Gasoline,1FMZU77E91UA70351                  ,Used vehicle,17058066-0001,"CHIZOB NIGERIA LTD
SHOP 24,BLOCK 116 LADIPO, LAGOS,
SURULERE, SURULERE, LAGOS","BLOCK 116 LADIPO, LAGOS, ISOLO,",Canada,C397,1/22/2018,01PA,KIRIKIRI LIGHTER TERMINAL CMD.,PAID
2HGFA16514H000063,Honda Canada,2T,2004,Gasoline,2HGFA16514H000063                  ,Used vehicle,17058066-0001,"CHIZOB NIGERIA LTD
SHOP 24,BLOCK 116 LADIPO, LAGOS,
SURULERE, SURULERE, LAGOS","BLOCK 116 LADIPO, LAGOS, ISOLO,",Canada,C397,1/22/2018,01PA,KIRIKIRI LIGHTER TERMINAL CMD.,PAID
DA64V-254839,Toyota,SUZUKI EVERY,2007,Gasoline,DA64V-254839                       ,Used vehicle,11098526-0001,"OSKEN P VENTURES LTD
NO 107WESTERN AVENUE SURULERE
LAGOS, LAGOS, SURULERE, LAGOS","WESTERN AVENUE SURULERE LAGOS,",Hong Kong,C418,1/22/2018,01PA,KIRIKIRI LIGHTER TERMINAL CMD.,PAID
JMYEJP16VXA000309,Mitsubishi,2T,1998,Gasoline,JMYEJP16VXA000309                  ,Used vehicle,15832114-0001,"F. O. EWIISCO INVESTMENT COMPANY LIMITED
11 JJONAS IBEME OLD MOTOR SPARE
PARTS MARKET UGWUAGBA, OBOSI,
IDEMILI NORTH, ANAMBRA",11 JJONAS IBEME OLD MOTOR SPARE,Singapore,C385,1/22/2018,01PA,KIRIKIRI LIGHTER TERMINAL CMD.,PAID
JT6HF10U1Y0135789,Toyota,2T,2000,Gasoline,JT6HF10U1Y0135789                  ,Used vehicle,17058066-0001,"CHIZOB NIGERIA LTD
SHOP 24,BLOCK 116 LADIPO, LAGOS,
SURULERE, SURULERE, LAGOS","BLOCK 116 LADIPO, LAGOS, ISOLO,",Canada,C397,1/22/2018,01PA,KIRIKIRI LIGHTER TERMINAL CMD.,PAID
JTEGH23B105009465,Toyota,2T,2003,Gasoline,JTEGH23B105009465                  ,Used vehicle,18250126-0001,"COSBEN GLOBAL CONCEPTS LTD
SHOP 52 TNA OPP. COOL PENNY PLAZA
INDUSTRIAL ROAD, OLODI, APAPA,
LAGOS",SHOP 52 TNA OPP. COOL PENNY PLAZA ,Hong Kong,C381,1/22/2018,01PA,KIRIKIRI LIGHTER TERMINAL CMD.,PAID
MR053ZE0107149822,Toyota Thailand,2T,2005,Gasoline,MR053ZE0107149822                  ,Used vehicle,15832114-0001,"F. O. EWIISCO INVESTMENT COMPANY LIMITED
11 JJONAS IBEME OLD MOTOR SPARE
PARTS MARKET UGWUAGBA, OBOSI,
IDEMILI NORTH, ANAMBRA",11 JJONAS IBEME OLD MOTOR SPARE,Singapore,C385,1/22/2018,01PA,KIRIKIRI LIGHTER TERMINAL CMD.,PAID
MR053ZEC107153741,Toyota Thailand,2T,2005,Gasoline,MR053ZEC107153741                  ,Used vehicle,15832114-0001,"F. O. EWIISCO INVESTMENT COMPANY LIMITED
11 JJONAS IBEME OLD MOTOR SPARE
PARTS MARKET UGWUAGBA, OBOSI,
IDEMILI NORTH, ANAMBRA",11 JJONAS IBEME OLD MOTOR SPARE,Singapore,C385,1/22/2018,01PA,KIRIKIRI LIGHTER TERMINAL CMD.,PAID
WDBRF61J22F180788,Mercedes-Benz,2T,2002,Gasoline,WDBRF61J22F180788                  ,Used vehicle,17058066-0001,"CHIZOB NIGERIA LTD
SHOP 24,BLOCK 116 LADIPO, LAGOS,
SURULERE, SURULERE, LAGOS","BLOCK 116 LADIPO, LAGOS, ISOLO,",Canada,C397,1/22/2018,01PA,KIRIKIRI LIGHTER TERMINAL CMD.,PAID
WDDGF5HB8CR219293,Mercedes-Benz,2T,2012,Gasoline,WDDGF5HB8CR219393                  ,Used vehicle,17058066-0001,"CHIZOB NIGERIA LTD
SHOP 24,BLOCK 116 LADIPO, LAGOS,
SURULERE, SURULERE, LAGOS","BLOCK 116 LADIPO, LAGOS, ISOLO,",Canada,C397,1/22/2018,01PA,KIRIKIRI LIGHTER TERMINAL CMD.,PAID
0000TRH2000049264,Toyota,2002,2002,Gasoline,0000TRH2000049264                  ,Used vehicle,19633159-0001,"PSALM 12:6 GLOBAL RESOURCES LTD
103FREEMAN STR, EBUTE METTA, LAGOS,
LAGOS ISLAND, LAGOS","103FREEMAN STR, EBUTE METTA, LAGOS,",Hong Kong,C460,1/23/2018,01PA,KIRIKIRI LIGHTER TERMINAL CMD.,PAID
1NXBR32EX4Z308036,Toyota,2T,2004,Gasoline,1NXBR32EX4Z308036                  ,Used vehicle,02790722-0001,"FOCUS ELETRIC IND LTD
BLOCK 26NO4 ALABA MKT LAGOS, LAGOS,
OJO, LAGOS","NO4 ALABA MKT LAGOS, LAGOS, OJO,",Hong Kong,C429,1/23/2018,01PA,KIRIKIRI LIGHTER TERMINAL CMD.,PAID
2T1BE40E89C025003,Toyota Canada,2T,2009,Gasoline,2T1BE40E89C025003                  ,Used vehicle,16954710-0001,"GOD'S AMBASSADOR INVESTMENT CO. LTD
SUITE 2,NAGAFF OFFICE, NPA BUILDING
OPP NATIONAL FILLING STATION,
SURULERE, SURULERE, LAGOS","NAGAFF OFFICE, NPA BUILDING OPP",Canada,C456,1/23/2018,01PA,KIRIKIRI LIGHTER TERMINAL CMD.,PAID
2T1BR32E65C884371,Toyota Canada,2T,2005,Gasoline,2T1BR32E65C884371                  ,Used vehicle,16954710-0001,"GOD'S AMBASSADOR INVESTMENT CO. LTD
SUITE 2,NAGAFF OFFICE, NPA BUILDING
OPP NATIONAL FILLING STATION,
SURULERE, SURULERE, LAGOS","NAGAFF OFFICE, NPA BUILDING OPP",Canada,C456,1/23/2018,01PA,KIRIKIRI LIGHTER TERMINAL CMD.,PAID
2T1BU4EE3AC204811,Toyota Canada,2T,2010,Gasoline,2T1BU4EE3AC204811                  ,Used vehicle,16954710-0001,"GOD'S AMBASSADOR INVESTMENT CO. LTD
SUITE 2,NAGAFF OFFICE, NPA BUILDING
OPP NATIONAL FILLING STATION,
SURULERE, SURULERE, LAGOS","NAGAFF OFFICE, NPA BUILDING OPP",Canada,C456,1/23/2018,01PA,KIRIKIRI LIGHTER TERMINAL CMD.,PAID
2T1BU4EE9AC204067,Toyota Canada,2T,2010,Gasoline,2T1BU4EE9AC204067                  ,Used vehicle,16954710-0001,"GOD'S AMBASSADOR INVESTMENT CO. LTD
SUITE 2,NAGAFF OFFICE, NPA BUILDING
OPP NATIONAL FILLING STATION,
SURULERE, SURULERE, LAGOS","NAGAFF OFFICE, NPA BUILDING OPP",Canada,C456,1/23/2018,01PA,KIRIKIRI LIGHTER TERMINAL CMD.,PAID
2T1LR32E85C922719,Toyota Canada,2T,2005,Gasoline,2T1LR32E85C922719                  ,Used vehicle,16954710-0001,"GOD'S AMBASSADOR INVESTMENT CO. LTD
SUITE 2,NAGAFF OFFICE, NPA BUILDING
OPP NATIONAL FILLING STATION,
SURULERE, SURULERE, LAGOS","NAGAFF OFFICE, NPA BUILDING OPP",Canada,C456,1/23/2018,01PA,KIRIKIRI LIGHTER TERMINAL CMD.,PAID
4T1BE32KX6U642328,Toyota,2T,2006,Gasoline,4T1BE32KX6U642328                  ,Used vehicle,02790722-0001,"FOCUS ELETRIC IND LTD
BLOCK 26NO4 ALABA MKT LAGOS, LAGOS,
OJO, LAGOS","NO4 ALABA MKT LAGOS, LAGOS, OJO,",Hong Kong,C429,1/23/2018,01PA,KIRIKIRI LIGHTER TERMINAL CMD.,PAID
JC6AAASGMEAY17100,Ford Germany,2002,2002,Gasoline,JC6AAASGMEAY17100                  ,Used vehicle,19633159-0001,"PSALM 12:6 GLOBAL RESOURCES LTD
103FREEMAN STR, EBUTE METTA, LAGOS,
LAGOS ISLAND, LAGOS","103FREEMAN STR, EBUTE METTA, LAGOS,",Hong Kong,C460,1/23/2018,01PA,KIRIKIRI LIGHTER TERMINAL CMD.,PAID
